{
  "steering": {
    "mae": 0.16126865148544312,
    "rmse": 0.21092010355668336,
    "r2_score": 0.7194823026657104,
    "pearson_correlation": 0.8597363829612732,
    "pearson_pvalue": 0.0
  },
  "throttle": {
    "mae": 0.3480912148952484
  },
  "brake": {
    "mae": 0.18036825954914093
  },
  "training": {
    "model": "ResNet34",
    "epochs_phase1": 5,
    "epochs_phase2": 25,
    "total_samples": 10269,
    "validation_samples": 2053
  }
}